sgrna,filtered_max_indel_frequency,nt_1,nt_2,nt_3,nt_4,nt_5,nt_6,nt_7,nt_8,nt_9,nt_10,nt_11,nt_12,nt_13,nt_14,nt_15,nt_16,nt_17,nt_18,nt_19,nt_20,nt_21,nt_22,nt_23
GGCCATGGCGGGCTGGATCCAGG,0.198329854,G,G,C,C,A,T,G,G,C,G,G,G,C,T,G,G,A,T,C,C,A,G,G
ATAGGAGAAGATGATGTATAGGG,0.908966595,A,T,A,G,G,A,G,A,A,G,A,T,G,A,T,G,T,A,T,A,G,G,G
GGGTGGGGGGAGTTTGCTCCTGG,0.160416163,G,G,G,T,G,G,G,G,G,G,A,G,T,T,T,G,C,T,C,C,T,G,G
TCCCAAAGGCGGAGGGCGTTAGG,0.357390015,T,C,C,C,A,A,A,G,G,C,G,G,A,G,G,G,C,G,T,T,A,G,G
GCACCATGTTGCCGGTCCTCAGG,0.356198625,G,C,A,C,C,A,T,G,T,T,G,C,C,G,G,T,C,C,T,C,A,G,G
GAATGAGGGTCCTTTGGGAAAGG,0.248335507,G,A,A,T,G,A,G,G,G,T,C,C,T,T,T,G,G,G,A,A,A,G,G
GTGGAAGAGTTTGTGGAAGGGGG,0.221263605,G,T,G,G,A,A,G,A,G,T,T,T,G,T,G,G,A,A,G,G,G,G,G
GAGGCGCAGCAGTGCCACAGCGG,0.216883806,G,A,G,G,C,G,C,A,G,C,A,G,T,G,C,C,A,C,A,G,C,G,G
ACAGAACATGTTGTTATAGATGG,0.569621846,A,C,A,G,A,A,C,A,T,G,T,T,G,T,T,A,T,A,G,A,T,G,G
CCGCCGTCCAAGACCTACCGAGG,0.395638909,C,C,G,C,C,G,T,C,C,A,A,G,A,C,C,T,A,C,C,G,A,G,G
AGTTCCCAGCTGCACGCCTCGGG,0.289860931,A,G,T,T,C,C,C,A,G,C,T,G,C,A,C,G,C,C,T,C,G,G,G
ACAGATTCTGGAAAGCTCCTCGG,0.532129032,A,C,A,G,A,T,T,C,T,G,G,A,A,A,G,C,T,C,C,T,C,G,G
ACTGACACGCAGACATTCAGCGG,0.555607163,A,C,T,G,A,C,A,C,G,C,A,G,A,C,A,T,T,C,A,G,C,G,G
GCTGCGCCTCTGCTGCGCCTCGG,0.116057348,G,C,T,G,C,G,C,C,T,C,T,G,C,T,G,C,G,C,C,T,C,G,G
GAGCAGAGATGTGGGAATGGGGG,0.318754043,G,A,G,C,A,G,A,G,A,T,G,T,G,G,G,A,A,T,G,G,G,G,G
GGCCACTGTAGTCCTCCAGGTGG,0.550312355,G,G,C,C,A,C,T,G,T,A,G,T,C,C,T,C,C,A,G,G,T,G,G
GTTGTGGCAGCAGTCACTGGGGG,0.370213305,G,T,T,G,T,G,G,C,A,G,C,A,G,T,C,A,C,T,G,G,G,G,G
GGGCACTGGAGCCACCTCTTTGG,0.261508013,G,G,G,C,A,C,T,G,G,A,G,C,C,A,C,C,T,C,T,T,T,G,G
GGGACTGGGGTCGGGAGGGTGGG,0.161639303,G,G,G,A,C,T,G,G,G,G,T,C,G,G,G,A,G,G,G,T,G,G,G
GGGCGCTGGAACCTGGACCCTGG,0.11878453,G,G,G,C,G,C,T,G,G,A,A,C,C,T,G,G,A,C,C,C,T,G,G
CGGCCAGAGACCGAGCCCTAAGG,0.85762338,C,G,G,C,C,A,G,A,G,A,C,C,G,A,G,C,C,C,T,A,A,G,G
GTAGAGAAAGAAGCAGTGCCTGG,0.593783494,G,T,A,G,A,G,A,A,A,G,A,A,G,C,A,G,T,G,C,C,T,G,G
GAAGAGGGAAACGTGTGGCTTGG,0.177559534,G,A,A,G,A,G,G,G,A,A,A,C,G,T,G,T,G,G,C,T,T,G,G
GTTCTCCACGGCACCCCCAAAGG,0.344,G,T,T,C,T,C,C,A,C,G,G,C,A,C,C,C,C,C,A,A,A,G,G
GCCGTGCAGGCAGCTGAGGCTGG,0.289736494,G,C,C,G,T,G,C,A,G,G,C,A,G,C,T,G,A,G,G,C,T,G,G
GGAAGGGCTAGGCGGGGGCGCGG,0.29519833,G,G,A,A,G,G,G,C,T,A,G,G,C,G,G,G,G,G,C,G,C,G,G
GGAGCCAGCCCCTGGCCTTCAGG,0.331873315,G,G,A,G,C,C,A,G,C,C,C,C,T,G,G,C,C,T,T,C,A,G,G
GTGAATAGAGCCAGCAAAGGAGG,0.455812153,G,T,G,A,A,T,A,G,A,G,C,C,A,G,C,A,A,A,G,G,A,G,G
GAGCCCTCAGGCGAACCTCTCGG,0.396252602,G,A,G,C,C,C,T,C,A,G,G,C,G,A,A,C,C,T,C,T,C,G,G
GACCAGCCGGGGCAGTGAAGCGG,0.20345058,G,A,C,C,A,G,C,C,G,G,G,G,C,A,G,T,G,A,A,G,C,G,G
GGCAGCCAGCATGATGAGACAGG,0.690429788,G,G,C,A,G,C,C,A,G,C,A,T,G,A,T,G,A,G,A,C,A,G,G
GCGCAGGGAAGCGACCAACTTGG,0.332057713,G,C,G,C,A,G,G,G,A,A,G,C,G,A,C,C,A,A,C,T,T,G,G
CATCACGCTTATCCACCCCAAGG,0.463940618,C,A,T,C,A,C,G,C,T,T,A,T,C,C,A,C,C,C,C,A,A,G,G
GGTGGGTCTCGGGACTGGCAGGG,0.43305187,G,G,T,G,G,G,T,C,T,C,G,G,G,A,C,T,G,G,C,A,G,G,G
GCACCAAGTCTGAGTGGACCAGG,0.25192658,G,C,A,C,C,A,A,G,T,C,T,G,A,G,T,G,G,A,C,C,A,G,G
CTAGGTGATGATGTCAGATTCGG,0.212524437,C,T,A,G,G,T,G,A,T,G,A,T,G,T,C,A,G,A,T,T,C,G,G
CCAAAAAAGAACTGCACCTCTGG,0.162369968,C,C,A,A,A,A,A,A,G,A,A,C,T,G,C,A,C,C,T,C,T,G,G
GAACGAATACAGAAAAGTAAAGG,0.399001968,G,A,A,C,G,A,A,T,A,C,A,G,A,A,A,A,G,T,A,A,A,G,G
GAGTCCGAGCAGAAGAAGAAGGG,0.655983068,G,A,G,T,C,C,G,A,G,C,A,G,A,A,G,A,A,G,A,A,G,G,G
GGTGGCGGGCACTGTCGTCATGG,0.33831313,G,G,T,G,G,C,G,G,G,C,A,C,T,G,T,C,G,T,C,A,T,G,G
CCACGCCCGCGGGGTGAAGTCGG,0.291362062,C,C,A,C,G,C,C,C,G,C,G,G,G,G,T,G,A,A,G,T,C,G,G
GAAGCCAGCTGATTATAAGATGG,0.268753837,G,A,A,G,C,C,A,G,C,T,G,A,T,T,A,T,A,A,G,A,T,G,G
GGGGGCCCTCCTCTTGCTGCTGG,0.494156928,G,G,G,G,G,C,C,C,T,C,C,T,C,T,T,G,C,T,G,C,T,G,G
GGTCAACAAGTGGAACTCTAAGG,0.577715451,G,G,T,C,A,A,C,A,A,G,T,G,G,A,A,C,T,C,T,A,A,G,G
GCTGAGGAGGGGTCGCGGCGAGG,0.426739927,G,C,T,G,A,G,G,A,G,G,G,G,T,C,G,C,G,G,C,G,A,G,G
GCACGCAGCGGCGGGAGCCCAGG,0.120940101,G,C,A,C,G,C,A,G,C,G,G,C,G,G,G,A,G,C,C,C,A,G,G
GCAGGACTCCTTTCCTCCATTGG,0.174332195,G,C,A,G,G,A,C,T,C,C,T,T,T,C,C,T,C,C,A,T,T,G,G
ACAGTAGAACTAAGGGTGGGTGG,0.417422917,A,C,A,G,T,A,G,A,A,C,T,A,A,G,G,G,T,G,G,G,T,G,G
GCTGATGTAGTCACTCTTGAGGG,0.637680561,G,C,T,G,A,T,G,T,A,G,T,C,A,C,T,C,T,T,G,A,G,G,G
AGATGCAGGCTGCAGATGCCCGG,0.616707617,A,G,A,T,G,C,A,G,G,C,T,G,C,A,G,A,T,G,C,C,C,G,G
GGAGGTAGAGATTCATGTCAAGG,0.371970713,G,G,A,G,G,T,A,G,A,G,A,T,T,C,A,T,G,T,C,A,A,G,G
AAAACGTTTCCAAGACATGATGG,0.673255662,A,A,A,A,C,G,T,T,T,C,C,A,A,G,A,C,A,T,G,A,T,G,G
GGTGGACAAGCGGCAGATAGCGG,0.357132277,G,G,T,G,G,A,C,A,A,G,C,G,G,C,A,G,A,T,A,G,C,G,G
GCAAATAACCTTCTGTGTCATGG,0.261757686,G,C,A,A,A,T,A,A,C,C,T,T,C,T,G,T,G,T,C,A,T,G,G
GCATACAGTGATTTGATGAAAGG,0.782457444,G,C,A,T,A,C,A,G,T,G,A,T,T,T,G,A,T,G,A,A,A,G,G
GAAGAGGGGGAGAGAGTTACAGG,0.245973309,G,A,A,G,A,G,G,G,G,G,A,G,A,G,A,G,T,T,A,C,A,G,G
GACTCGCAGACGCCCTCTGCTGG,0.146017341,G,A,C,T,C,G,C,A,G,A,C,G,C,C,C,T,C,T,G,C,T,G,G
ACCATGAGTAACTCCATTCCTGG,0.301203764,A,C,C,A,T,G,A,G,T,A,A,C,T,C,C,A,T,T,C,C,T,G,G
ATCCGTGGCCCATCATGTCTTGG,0.197741148,A,T,C,C,G,T,G,G,C,C,C,A,T,C,A,T,G,T,C,T,T,G,G
AGTGTGCATTGCCACCTCAGTGG,0.500970874,A,G,T,G,T,G,C,A,T,T,G,C,C,A,C,C,T,C,A,G,T,G,G
GAACTGTGTGTGTTGCAGGGGGG,0.625032459,G,A,A,C,T,G,T,G,T,G,T,G,T,T,G,C,A,G,G,G,G,G,G
GGAGTATTTCAGGGGCTCTTGGG,0.676170523,G,G,A,G,T,A,T,T,T,C,A,G,G,G,G,C,T,C,T,T,G,G,G
GCTCAGGAGGAGGAAGCCGGTGG,0.142236977,G,C,T,C,A,G,G,A,G,G,A,G,G,A,A,G,C,C,G,G,T,G,G
GCCGAGGCTGCTGGAGGAAGTGG,0.154357574,G,C,C,G,A,G,G,C,T,G,C,T,G,G,A,G,G,A,A,G,T,G,G
GGGAGGGCTGTGCTGCTAGTGGG,0.457259505,G,G,G,A,G,G,G,C,T,G,T,G,C,T,G,C,T,A,G,T,G,G,G
GGCACTGACAATCCCCTTTCTGG,0.510159688,G,G,C,A,C,T,G,A,C,A,A,T,C,C,C,C,T,T,T,C,T,G,G
CTCCTCCTCTGCTCCGCCACCGG,0.165490008,C,T,C,C,T,C,C,T,C,T,G,C,T,C,C,G,C,C,A,C,C,G,G
GAAAATCATCAGTTATCATCAGG,0.441360833,G,A,A,A,A,T,C,A,T,C,A,G,T,T,A,T,C,A,T,C,A,G,G
TTCATGAGTCTTGACAACAACGG,0.477600381,T,T,C,A,T,G,A,G,T,C,T,T,G,A,C,A,A,C,A,A,C,G,G
GAGGAGCTCCAAGAAGACTGAGG,0.296334983,G,A,G,G,A,G,C,T,C,C,A,A,G,A,A,G,A,C,T,G,A,G,G
GAATCCATCTTCCTGACCCTTGG,0.338179597,G,A,A,T,C,C,A,T,C,T,T,C,C,T,G,A,C,C,C,T,T,G,G
GAGAAAGAATACCATGCAGAAGG,0.253049589,G,A,G,A,A,A,G,A,A,T,A,C,C,A,T,G,C,A,G,A,A,G,G
CTGGGCAGGCGACCCGCCGCAGG,0.252578335,C,T,G,G,G,C,A,G,G,C,G,A,C,C,C,G,C,C,G,C,A,G,G
GAAGAAGACAAATCACAAACTGG,0.39800058,G,A,A,G,A,A,G,A,C,A,A,A,T,C,A,C,A,A,A,C,T,G,G
GAACTGCAAAGTGAAACAAAAGG,0.349612975,G,A,A,C,T,G,C,A,A,A,G,T,G,A,A,A,C,A,A,A,A,G,G
CTTCTTTGCTTGTTCAAATGGGG,0.576268242,C,T,T,C,T,T,T,G,C,T,T,G,T,T,C,A,A,A,T,G,G,G,G
GGACAGAAGAAGCCCTGCTGGGG,0.190263342,G,G,A,C,A,G,A,A,G,A,A,G,C,C,C,T,G,C,T,G,G,G,G
CTCGTCTGATAAGACAACAGTGG,0.175323264,C,T,C,G,T,C,T,G,A,T,A,A,G,A,C,A,A,C,A,G,T,G,G
TGTGGAGTTTTAAATAGGTTTGG,0.249401573,T,G,T,G,G,A,G,T,T,T,T,A,A,A,T,A,G,G,T,T,T,G,G
GTTCGACTACGTGGAGAAGCAGG,0.25652921,G,T,T,C,G,A,C,T,A,C,G,T,G,G,A,G,A,A,G,C,A,G,G
TTGTCGTCTTCTGTCCAAGTTGG,0.187853476,T,T,G,T,C,G,T,C,T,T,C,T,G,T,C,C,A,A,G,T,T,G,G
GCAACTTGAAATTATATCTGTGG,0.402166317,G,C,A,A,C,T,T,G,A,A,A,T,T,A,T,A,T,C,T,G,T,G,G
CGAAGCTGGAATCTGCTCTCTGG,0.362508193,C,G,A,A,G,C,T,G,G,A,A,T,C,T,G,C,T,C,T,C,T,G,G
GCAGGGTGAGTGTCTCAGCCTGG,0.704490778,G,C,A,G,G,G,T,G,A,G,T,G,T,C,T,C,A,G,C,C,T,G,G
GAGAAAGCTGGAGAAGGGGGAGG,0.189112903,G,A,G,A,A,A,G,C,T,G,G,A,G,A,A,G,G,G,G,G,A,G,G
GCAAAACTCAACCCTACCCCAGG,0.311594574,G,C,A,A,A,A,C,T,C,A,A,C,C,C,T,A,C,C,C,C,A,G,G
GAGCCAAGATGGGGCTCTGCAGG,0.149231157,G,A,G,C,C,A,A,G,A,T,G,G,G,G,C,T,C,T,G,C,A,G,G
ATGACAGTGCCAAAGCCAGCCGG,0.37008245,A,T,G,A,C,A,G,T,G,C,C,A,A,A,G,C,C,A,G,C,C,G,G
GCCCGCCACCACCAGGATGTAGG,0.270634964,G,C,C,C,G,C,C,A,C,C,A,C,C,A,G,G,A,T,G,T,A,G,G
GGCCCCCAAGTGGACAGAGCTGG,0.338476854,G,G,C,C,C,C,C,A,A,G,T,G,G,A,C,A,G,A,G,C,T,G,G
GGCCCTCGGCGGCGGCTCCCAGG,0.522293973,G,G,C,C,C,T,C,G,G,C,G,G,C,G,G,C,T,C,C,C,A,G,G
GGGCTGAGAGAGGGACAAGTCGG,0.723923563,G,G,G,C,T,G,A,G,A,G,A,G,G,G,A,C,A,A,G,T,C,G,G
