sgRNA,Prec_score,nt_1,nt_2,nt_3,nt_4,nt_5,nt_6,nt_7,nt_8,nt_9,nt_10,nt_11,nt_12,nt_13,nt_14,nt_15,nt_16,nt_17,nt_18,nt_19,nt_20,nt_21,nt_22,nt_23
SETDB1.6,0.15,G,G,A,T,G,C,A,G,C,A,A,C,A,G,C,T,A,C,A,G,T,G,G
TP63.1,0.72,A,G,G,G,T,C,A,G,G,G,C,A,G,T,A,C,T,G,T,A,G,G,G
ASH1L.6,0.153846154,G,G,A,G,C,C,A,C,T,G,A,C,A,G,T,A,C,A,G,G,T,G,G
CHD2.7,0.928571429,A,A,G,C,A,G,C,C,G,A,A,G,A,C,T,C,A,G,C,G,T,G,G
TP53.1,0.227272727,T,C,C,T,C,A,G,C,A,T,C,T,T,A,T,C,C,G,A,G,T,G,G
PCGF1.5,0.210526316,A,T,C,G,C,A,A,T,C,T,G,G,C,C,C,C,C,C,T,G,A,G,G
TET3.6,0.260869565,G,A,G,G,C,T,G,G,G,A,A,C,A,A,C,A,G,C,A,G,G,G,G
TBL1XR1.6,0.5,A,G,G,T,T,A,T,G,G,G,A,T,G,T,A,G,A,C,C,G,A,G,G
USP3.6,0.277777778,G,C,T,G,C,A,G,C,A,C,C,A,G,G,A,C,G,A,C,G,G,G,G
IRX1.6,0.6,G,G,A,G,A,A,G,G,C,C,G,A,G,G,A,C,G,A,C,G,A,G,G
HSPBAP1.6,0.111111111,G,G,G,A,T,G,A,A,A,A,G,C,A,T,G,A,G,C,A,C,A,G,G
MCM4.6,0.243243243,G,T,A,G,A,G,G,G,A,A,C,C,C,C,A,A,G,A,A,G,T,G,G
SMC6.5,0.354330709,T,A,T,A,G,A,G,T,T,A,C,C,A,T,A,C,A,C,A,C,T,G,G
PRMT6.6,0.194444444,G,A,G,G,G,A,A,C,T,G,A,A,G,A,G,G,A,A,G,A,T,G,G
SUPT6H.6,0.2,G,G,A,A,T,A,C,G,A,T,G,A,A,T,C,A,G,C,C,G,A,G,G
RBM10.6,0.4,C,A,A,G,T,G,A,C,T,A,A,A,C,T,C,G,A,C,G,A,A,G,G
CHD5.5,0.590909091,G,A,A,G,G,C,T,C,A,C,G,G,G,C,T,C,C,A,C,A,G,G,G
RCC1.5,0.239130435,G,G,C,C,C,T,G,G,T,A,T,C,C,A,T,T,C,C,G,G,A,G,G
SMC4.6,0.363636364,G,G,G,T,C,A,C,T,C,A,C,C,T,G,C,G,G,C,G,G,T,G,G
CHMP4C.6,0.461538462,A,A,T,C,C,A,G,A,G,A,G,A,A,A,T,C,G,C,C,C,T,G,G
RING1.7,0.217391304,G,A,G,G,C,A,A,C,A,G,C,A,G,G,A,A,G,C,A,G,G,G,G
EPC2.6,0.171428571,G,C,A,A,G,G,A,G,G,C,G,A,A,T,T,G,G,C,A,G,A,G,G
UHRF1.6,0.382978723,G,A,T,C,C,A,G,G,A,G,C,T,G,T,T,C,C,A,C,G,T,G,G
TADA2A.6,0.173076923,G,C,T,G,A,A,C,C,T,G,A,A,A,C,A,A,G,C,A,G,A,G,G
HAT1.7,0.4,A,C,T,G,C,C,A,A,T,T,A,C,C,T,T,A,C,A,C,G,T,G,G
ERCC2.1,0.675675676,G,C,G,G,G,A,G,C,T,C,A,A,A,C,G,C,A,C,G,C,T,G,G
MBD3.5,0.5,G,C,G,C,T,A,C,G,A,C,T,C,C,T,C,C,A,A,C,C,A,G,G
KDM1A.6,0.379310345,G,C,T,T,C,A,G,C,A,C,A,C,C,C,A,G,G,G,G,A,A,G,G
NPM2.7,0.134615385,G,A,C,C,T,T,C,A,G,A,C,C,C,C,A,G,C,T,G,G,A,G,G
CBX2.6,0.25,G,A,G,G,T,G,C,A,G,A,A,C,C,G,G,A,A,G,A,G,A,G,G
KMT2A.7,0.181818182,T,G,T,G,A,G,A,C,A,G,C,A,A,C,C,C,A,C,G,G,T,G,G
HDAC3.7,0.1,G,A,G,C,A,G,A,A,C,T,C,A,A,A,G,A,G,C,C,C,G,G,G
TAF1.7,0.453846154,T,A,G,G,A,G,T,A,C,A,G,A,A,G,A,T,G,C,T,G,T,G,G
EP300.7,0.27027027,A,C,A,G,A,A,T,T,G,G,G,A,C,T,A,A,C,C,A,A,T,G,G
FANCM.6,0.25,G,C,C,T,T,T,G,C,C,A,G,C,A,G,C,A,G,C,G,G,A,G,G
REST.6,0.318181818,G,G,A,G,G,G,C,T,G,T,T,T,A,C,C,A,G,C,A,G,T,G,G
POLA1.6,0.36,A,G,A,G,G,A,A,G,T,G,A,A,A,C,A,A,G,A,G,G,C,G,G
SMARCC1.6,0.083333333,G,A,A,T,G,A,G,G,A,G,G,A,T,T,A,T,G,A,G,G,T,G,G
GFI1B.6,0.526315789,G,C,G,G,A,G,G,C,T,G,A,A,G,T,C,C,A,A,G,G,C,G,G
ID2.1,0.413043478,G,G,C,T,C,A,T,C,G,G,G,T,C,G,T,C,C,A,C,A,G,G,G
JHDM1D.5,0.130434783,C,A,C,A,C,A,C,A,G,T,A,C,A,C,G,G,G,C,G,G,G,G,G
PRMT5.5,0.166666667,C,A,G,T,A,G,G,T,C,T,G,A,T,C,G,T,G,T,C,T,G,G,G
SUV420H1.7,0.5625,G,T,G,A,A,T,G,G,C,A,G,G,A,G,A,A,A,T,G,G,A,G,G
HIRA.6,0.526315789,G,A,T,G,C,T,G,T,T,A,A,A,G,A,A,T,G,C,C,G,T,G,G
ORC2.5,0.235294118,G,G,A,T,G,A,T,G,A,A,G,G,G,G,T,T,G,C,A,C,A,G,G
HMGA2.6,0.910714286,A,G,A,C,C,C,A,G,G,G,G,A,A,G,A,C,C,C,A,A,A,G,G
HDAC8.6,0.363636364,G,C,G,G,A,A,G,A,T,G,G,A,G,G,A,G,C,C,G,G,A,G,G
RB1.6,0.533333333,G,C,T,C,T,G,G,G,T,C,C,T,C,C,T,C,A,G,G,A,G,G,G
SETD2.7,0.347826087,A,G,A,A,C,A,G,C,C,A,G,A,T,A,A,A,A,C,A,G,T,G,G
CHMP4B.7,0.2,G,T,T,T,G,G,A,G,A,A,G,A,G,T,T,T,G,A,C,G,A,G,G
RBBP7.7,0.47826087,A,T,A,A,A,C,G,C,A,G,G,A,C,C,A,A,A,A,G,A,A,G,G
MTA2.6,0.529411765,G,G,C,G,G,C,C,A,A,C,A,T,G,T,A,C,C,G,G,G,T,G,G
ARID4B.6,0.287356322,A,C,T,G,G,C,T,C,C,A,A,A,C,C,A,A,G,A,A,G,A,G,G
TP63.6,0.142857143,G,T,A,G,T,C,G,G,T,G,T,T,G,G,A,G,G,G,G,A,T,G,G
KDM4A.7,0.425925926,A,G,G,T,T,G,T,T,C,C,T,C,C,A,A,A,A,G,A,G,T,G,G
HLTF.6,0.289473684,A,A,G,G,C,A,G,A,T,G,G,A,C,T,A,A,G,C,A,A,A,G,G
HLTF.1,0.170731707,G,T,T,G,G,A,C,T,A,C,G,C,T,A,T,T,A,C,A,C,G,G,G
REST.7,0.257142857,T,T,T,G,C,C,A,G,C,A,T,A,A,T,A,A,G,C,T,G,A,G,G
CITED2.6,0.685714286,G,G,G,C,C,G,G,G,G,A,C,T,G,T,G,A,A,C,G,G,A,G,G
MTA3.5,0.333333333,A,G,T,G,T,C,T,T,A,G,T,A,C,C,A,C,T,C,G,G,A,G,G
PJA2.6,0.277777778,G,A,G,C,T,A,C,A,A,A,G,T,G,A,T,A,G,C,A,G,T,G,G
SMYD2.6,0.202702703,G,A,T,G,C,T,T,G,G,A,G,T,A,A,A,A,G,T,G,A,T,G,G
SSRP1.1,0.089041096,G,T,T,C,A,A,C,G,A,C,G,T,C,T,A,T,C,A,G,G,A,G,G
RNF20.6,0.194444444,T,T,A,T,C,C,C,G,G,A,A,G,C,T,A,A,A,C,A,G,T,G,G
NUFIP1.6,0.558823529,G,G,A,G,A,G,A,C,T,G,G,G,C,C,T,C,C,A,T,G,G,G,G
SMC3.2,0.3125,T,C,T,T,C,G,T,C,C,A,G,A,A,C,A,G,C,G,G,T,T,G,G
PCGF2.5,0.166666667,G,A,T,G,A,A,G,T,A,C,C,C,C,C,C,G,C,A,G,A,G,G,G
SMC2.7,0.129032258,G,A,A,T,C,A,A,A,G,A,G,A,A,T,G,A,G,C,T,G,C,G,G
SMC2.5,0.071428571,G,C,T,C,A,G,A,G,G,A,C,C,G,A,A,G,T,C,A,A,T,G,G
NCOR1.5,0.25,T,A,A,C,C,A,G,C,C,A,T,C,A,G,A,T,A,C,C,A,A,G,G
MBD3L1.5,0.318181818,T,G,A,G,G,T,C,A,G,A,T,A,C,C,A,T,C,A,A,T,G,G,G
EP300.6,0.315789474,G,A,A,G,G,T,G,C,A,G,C,A,G,G,A,A,G,T,G,A,A,G,G
DDX17.7,0.459459459,G,A,T,T,A,C,A,C,C,C,A,G,A,T,C,A,A,C,G,T,A,G,G
PBRM1.6,0.235294118,G,G,A,G,T,T,G,T,C,G,G,A,A,T,A,A,C,C,A,A,G,G,G
SMYD5.6,0.266666667,A,G,A,A,A,C,T,G,T,G,C,A,G,C,C,A,C,C,A,G,G,G,G
RARA.6,0.130434783,G,A,G,G,G,T,G,A,T,C,T,G,G,T,C,G,G,C,G,A,T,G,G
UCHL5.6,0.3,C,G,C,C,T,A,A,A,T,G,G,A,C,A,T,C,C,T,G,G,T,G,G
UHRF2.6,0.43902439,C,T,A,A,A,G,T,A,A,A,G,A,A,A,G,C,T,C,C,G,A,G,G
H2AFX.6,0.111111111,A,A,G,A,A,G,A,C,C,A,G,C,G,C,C,A,C,C,G,T,G,G,G
CHMP4C.5,0.195121951,A,A,T,C,C,A,G,A,G,A,G,A,A,A,T,C,G,C,C,C,T,G,G
UBE2A.6,0.333333333,G,T,C,T,T,C,C,C,G,A,A,G,G,T,T,G,C,A,G,G,A,G,G
CHMP4B.6,0.571428571,G,A,A,T,G,C,C,A,A,C,A,C,C,A,A,C,A,C,C,G,A,G,G
PDS5B.7,0.245614035,G,G,A,T,C,T,A,G,G,C,T,C,T,T,A,T,G,C,A,G,A,G,G
KMT2C.7,0.368421053,G,T,G,G,C,A,C,C,T,G,G,A,A,T,T,A,G,G,G,G,T,G,G
RNF2.6,0.214285714,A,A,G,A,T,G,A,C,A,G,T,G,C,A,C,A,G,A,C,G,A,G,G
SATB1.7,0.153846154,G,C,C,A,T,G,G,G,A,G,A,G,C,T,G,C,G,C,A,G,G,G,G
SETD7.6,0.142857143,T,T,C,A,C,G,G,A,G,A,A,A,A,G,A,A,C,G,G,A,C,G,G
RBBP4.5,0.74025974,A,T,T,G,C,C,G,T,T,A,C,A,G,A,C,C,A,G,A,A,G,G,G
PDS5A.5,0.259259259,T,G,T,G,G,C,G,T,C,G,T,G,A,G,T,G,C,C,G,A,C,G,G
SMARCA4.7,0.2,A,A,G,A,A,G,C,T,C,A,A,A,T,T,T,A,C,C,C,G,A,G,G
HJURP.1,0.344086022,G,G,G,T,A,C,G,C,T,G,C,G,C,G,C,C,A,T,G,G,A,G,G
CHD7.5,0.366666667,C,A,G,C,A,A,A,T,G,C,C,A,A,T,A,G,A,C,C,A,A,G,G
HMGN4.6,0.727272727,A,A,G,G,G,A,G,A,G,A,A,G,C,T,T,C,C,C,A,A,A,G,G
PHC2.6,0.272727273,C,G,T,G,G,G,A,T,G,C,A,C,C,A,A,A,C,G,G,G,T,G,G
TIPIN.5,0.307692308,T,C,T,T,C,A,A,C,C,G,T,G,T,G,T,G,C,C,C,T,G,G,G
PJA2.7,0.25,G,T,T,G,G,A,A,A,A,C,A,G,A,G,A,G,G,C,A,G,A,G,G
H3F3B.6,0.2,T,C,T,T,A,C,C,T,G,C,A,G,C,G,C,A,C,C,G,A,T,G,G
BAZ2B.2,0.157894737,T,A,G,T,T,G,G,G,G,A,T,G,T,G,C,G,G,C,T,A,A,G,G
JUNB.2,0.517241379,T,A,G,C,T,G,T,G,T,A,T,G,A,G,T,C,G,T,C,G,T,G,G
UHRF1.7,0.522727273,C,G,G,G,A,G,G,C,A,G,A,C,C,C,A,C,A,C,G,G,T,G,G
NCOA1.6,0.142857143,G,A,G,A,T,A,C,T,A,G,G,A,T,T,G,A,C,C,G,A,G,G,G
CHD1.7,0.4,A,G,T,T,C,T,G,G,A,A,G,C,A,G,T,A,G,T,G,A,T,G,G
CREBBP.6,0.166666667,G,A,T,G,A,G,C,T,G,A,T,A,C,C,C,A,A,T,G,G,A,G,G
HJURP.2,0.230215827,G,C,T,G,A,C,C,T,A,C,G,A,G,A,C,G,C,C,A,C,A,G,G
CHD8.6,0.365853659,C,A,G,T,T,C,A,C,C,A,A,A,C,T,T,C,G,C,C,G,A,G,G
HDAC10.5,0.133333333,G,A,C,G,C,T,C,G,A,T,C,T,C,G,C,A,C,T,C,G,G,G,G
KDM5D.5,0.266666667,G,G,C,T,C,A,A,A,A,A,C,C,G,G,G,C,A,C,T,C,C,G,G
HJURP.7,0.125,G,G,T,G,A,G,G,C,C,A,G,T,G,A,A,G,G,C,A,G,C,G,G
KDM4A.6,0.12,G,T,A,T,C,T,T,C,T,G,T,A,A,G,A,A,G,C,G,G,A,G,G
MTA1.7,0.363636364,G,C,A,G,A,T,C,G,A,C,C,A,G,T,T,C,C,T,G,G,T,G,G
NPM2.1,0.532374101,C,A,G,T,A,G,C,G,C,C,A,G,T,A,G,C,A,C,G,G,A,G,G
RCOR2.6,0.109375,G,T,G,A,T,G,G,A,G,A,A,G,C,C,G,A,G,C,G,C,G,G,G
HLCS.6,0.4,G,A,A,G,A,A,C,C,C,A,A,A,C,A,A,A,G,G,A,G,A,G,G
HDAC9.6,0.484375,A,C,G,G,A,C,A,A,C,A,G,G,G,T,C,C,A,C,C,A,C,G,G
TIMELESS.7,0.466666667,C,T,A,G,A,A,C,C,C,C,G,A,G,C,A,G,C,T,G,G,C,G,G
DNMT1.6,0.381818182,G,G,A,G,C,C,G,G,A,C,A,G,A,G,A,A,G,C,C,A,G,G,G
MBD5.7,0.208333333,C,A,G,A,C,A,C,A,G,A,A,A,A,T,G,A,A,T,G,G,A,G,G
HDAC5.1,0.181818182,C,C,A,G,C,C,C,T,G,T,G,G,A,G,C,T,A,C,G,G,G,G,G
BRD2.5,0.714285714,C,T,C,A,G,G,T,G,G,A,G,G,A,G,T,A,T,A,C,A,G,G,G
KIF4A.4,0.142857143,G,G,G,A,T,C,A,A,A,T,A,C,A,A,A,A,T,C,G,T,A,G,G
RAD54L2.7,0.4,G,A,G,A,G,G,T,T,T,A,A,G,A,C,C,A,G,C,A,G,T,G,G
FANCC.7,0.525,A,G,G,G,T,C,T,T,G,C,A,G,C,A,G,C,A,C,C,A,T,G,G
NSD1.7,0.567901235,A,A,G,C,A,C,A,T,A,A,A,G,A,T,G,A,A,C,G,G,A,G,G
SMYD2.2,0.242424242,T,G,G,T,G,A,A,G,C,A,G,T,A,C,T,C,G,C,A,G,T,G,G
JHDM1D.6,0.357142857,A,T,A,C,A,A,A,G,C,A,C,A,G,A,C,T,G,C,A,G,T,G,G
KDM2A.5,0.779661017,G,T,A,C,T,A,T,A,G,G,A,A,C,T,C,C,A,G,T,G,A,G,G
BRDT.7,0.1,A,A,C,A,A,G,G,G,T,A,G,T,A,T,T,G,G,C,A,G,A,G,G
CBX8.5,0.25,G,C,G,C,C,G,C,T,T,C,A,G,G,A,G,G,G,C,T,T,C,G,G
PRMT8.7,0.3,G,G,A,G,C,T,G,C,C,T,G,T,G,G,A,G,A,A,G,G,T,G,G
GFI1B.5,0.2,G,A,C,C,A,A,C,C,T,C,A,A,A,C,G,A,G,A,G,C,C,G,G
ZMYND8.6,0.553571429,C,A,A,G,A,T,A,G,A,C,A,A,G,C,A,G,G,A,G,A,A,G,G
KDM5A.6,0.136363636,G,G,A,A,A,C,C,A,G,A,G,A,T,A,C,A,G,C,C,A,T,G,G
EIF3E.7,0.7,A,C,T,G,T,G,G,C,T,G,A,T,A,A,A,G,G,A,A,G,A,G,G
ARRB1.5,0.6875,T,G,A,G,A,T,A,C,T,C,A,G,G,A,T,C,C,A,C,C,A,G,G
BRD7.7,0.230769231,G,A,G,A,C,A,G,A,T,C,A,T,G,T,T,C,G,G,A,G,G,G,G
SMC6.6,0.333333333,G,C,A,G,A,T,A,C,A,T,C,A,A,G,G,A,G,A,A,G,A,G,G
KLHDC3.6,0.663385827,A,C,G,G,A,T,G,G,C,A,G,A,C,T,T,C,A,C,C,G,G,G,G
H3F3B.5,0.333333333,T,T,C,T,T,C,A,C,C,C,C,G,C,C,G,G,T,A,G,A,G,G,G
ACTR8.6,0.12962963,G,T,A,C,A,G,C,T,C,C,A,T,C,C,T,A,G,T,G,G,T,G,G
ARID5B.7,0.466666667,G,A,A,T,G,A,C,C,G,T,A,C,C,T,T,G,G,C,A,A,C,G,G
HMGN1.5,0.238095238,C,C,G,C,A,G,G,T,C,A,G,C,T,C,C,G,C,C,G,A,A,G,G
CHD6.5,0.320754717,G,C,A,G,T,A,T,A,C,A,G,G,T,C,C,T,T,C,T,G,A,G,G
CENPE.6,0.176470588,T,C,A,G,C,C,T,G,A,T,A,G,G,A,T,G,G,C,G,G,A,G,G
KDM2A.6,0.491525424,G,G,C,C,T,C,A,C,A,G,G,T,G,T,T,A,A,C,C,G,T,G,G
SUDS3.6,0.48,G,A,G,G,C,G,A,C,A,T,G,A,G,T,G,C,C,G,C,G,G,G,G
STAG2.6,0.1875,G,G,C,A,A,A,G,G,T,G,G,A,A,A,T,G,G,A,G,G,A,G,G
CBX1.4,0.294117647,G,T,G,G,C,A,T,T,C,C,T,A,C,C,C,C,T,C,G,G,A,G,G
ATAD2B.5,0.192307692,G,G,C,C,T,C,A,T,C,C,A,G,A,G,T,G,A,C,G,C,C,G,G
CHD5.7,0.315789474,G,A,T,G,A,T,G,C,T,C,A,C,C,C,A,C,C,T,G,G,T,G,G
CBX5.6,0.25,G,C,A,G,A,G,C,A,A,T,G,A,T,A,T,C,G,C,T,C,G,G,G
CHMP4B.5,0.166666667,C,C,T,G,G,A,G,A,A,G,A,A,A,A,T,C,G,A,G,C,A,G,G
ZMYND11.6,0.25,A,G,C,T,A,A,G,C,T,C,A,G,C,T,G,A,C,G,G,G,T,G,G
HDAC4.7,0.705882353,G,C,A,G,C,G,C,A,C,A,A,C,C,T,C,C,A,C,A,G,C,G,G
BANP.7,0.181818182,G,G,G,A,C,A,C,C,T,C,C,A,C,A,T,C,G,C,C,C,A,G,G
BRD9.6,0.25,G,A,A,G,A,A,G,C,G,G,A,A,G,C,G,A,G,A,G,A,G,G,G
ESR1.6,0.333333333,A,G,G,A,A,A,G,G,C,G,A,C,A,G,C,T,G,C,G,G,C,G,G
RAD21.6,0.333333333,G,A,T,C,G,T,G,A,G,A,T,A,A,T,G,A,G,A,G,A,A,G,G
HMG20A.7,0.44,G,G,A,A,C,A,G,T,A,T,C,A,G,A,A,A,A,C,A,G,A,G,G
CBX4.6,0.444444444,G,G,A,A,C,G,G,C,A,G,G,A,G,C,A,G,C,T,G,A,T,G,G
SMARCD2.1,0.076923077,C,C,G,C,C,G,C,C,A,G,G,G,C,T,T,A,G,C,G,G,G,G,G
KAT6A.7,0.166666667,G,A,G,G,G,C,T,T,G,G,C,A,G,A,G,T,C,T,G,G,T,G,G
RAD54L.7,0.333333333,G,G,G,A,G,G,C,T,C,A,T,A,C,A,G,A,A,C,C,A,A,G,G
ERCC2.6,0.2,G,G,C,C,T,C,G,T,C,G,A,A,G,A,C,C,A,C,G,A,C,G,G
CTCF.6,0.551724138,G,G,G,C,T,A,T,G,A,C,T,G,T,G,T,C,A,C,A,G,T,G,G
DDX5.7,0.428571429,A,A,A,G,A,A,G,T,T,T,G,G,A,A,A,C,C,C,T,G,G,G,G
MSH6.2,0.073170732,G,G,T,G,A,C,G,C,G,G,A,G,C,G,C,G,C,C,A,A,G,G,G
KAT5.5,0.764705882,G,C,G,T,G,A,A,G,G,A,C,A,T,C,A,G,T,G,G,C,C,G,G
ACTR5.7,0.15,G,A,G,C,G,C,A,G,C,A,T,C,C,A,G,C,G,C,A,G,T,G,G
PBX4.7,0.2,G,A,A,T,T,T,C,A,G,C,A,A,G,C,A,G,G,C,G,A,C,G,G
DNMT3B.7,0.304347826,G,G,T,A,A,G,G,T,A,A,G,A,G,C,T,G,G,G,A,G,G,G,G
ARID2.7,0.166666667,G,G,A,G,C,C,A,C,A,A,A,C,A,C,C,A,G,C,A,A,T,G,G
ACTR8.7,0.25,G,A,G,A,A,C,G,G,A,A,A,G,G,A,G,A,A,G,G,G,C,G,G
SMYD4.7,0.205882353,C,C,T,G,T,G,G,G,C,A,G,A,G,C,A,C,G,C,C,G,T,G,G
PCGF1.7,0.133333333,A,T,T,G,T,T,T,G,C,T,G,C,C,T,A,T,G,C,G,C,C,G,G
CHD9.6,0.697674419,A,T,T,A,G,A,T,G,C,A,A,G,A,A,C,T,G,C,A,G,A,G,G
ING2.7,0.615384615,G,C,A,G,C,A,G,C,A,A,C,T,G,T,A,C,T,C,G,T,C,G,G
HDAC10.1,0.64213198,G,A,C,C,G,C,G,C,T,T,G,T,G,T,A,C,C,A,T,G,A,G,G
NEDD4.6,0.296296296,G,G,A,C,T,T,C,C,C,A,G,C,C,T,T,T,A,G,G,A,A,G,G
PHC3.6,0.184615385,A,T,G,G,A,T,A,C,T,G,A,A,C,C,A,A,A,C,C,C,G,G,G
TET1.6,0.2,G,A,G,A,C,A,T,T,G,A,A,T,G,A,T,A,C,C,A,G,T,G,G
SMC4.2,0.116883117,T,G,A,C,G,G,C,G,C,C,A,G,C,A,G,C,G,A,C,G,C,G,G
NAP1L5.5,0.157894737,T,C,T,G,A,C,C,A,G,C,C,G,C,G,C,T,G,T,C,A,G,G,G
HLTF.7,0.5,A,C,A,G,T,C,T,G,A,A,A,C,T,A,A,A,G,G,C,A,G,G,G
MSL1.5,0.363636364,A,A,T,T,A,A,A,C,T,G,G,A,G,T,G,C,C,A,G,C,C,G,G
CHD2.5,0.454545455,A,G,C,T,A,T,C,C,G,T,T,C,C,T,T,C,T,T,A,G,A,G,G
SIRT5.6,0.538461538,C,C,A,C,T,A,G,A,C,A,T,A,A,A,T,C,A,C,A,G,T,G,G
BAZ2B.6,0.444444444,G,A,A,A,C,T,A,C,T,G,A,A,G,C,C,A,C,A,G,A,A,G,G
TIMELESS.6,0.363636364,G,A,G,A,T,G,T,G,C,G,G,C,A,G,C,A,G,C,T,G,G,G,G
NAP1L3.6,0.2,G,C,C,G,C,T,T,G,T,A,T,A,G,A,A,A,G,A,A,G,A,G,G
BAZ2B.7,0.196721311,G,G,T,G,G,A,A,T,T,C,C,C,A,G,T,A,A,T,G,G,T,G,G
SMC4.5,0.4375,G,G,G,C,T,C,T,C,C,G,T,G,C,G,G,C,C,G,G,A,C,G,G
KAT8.7,0.304347826,G,T,C,T,C,G,A,G,T,G,A,A,C,G,A,C,C,A,G,G,A,G,G
PCGF2.7,0.357142857,C,A,G,A,T,G,A,G,A,T,G,A,A,A,C,G,G,C,G,G,C,G,G
SUZ12.7,0.2,G,G,A,G,A,C,T,A,T,T,C,T,T,G,A,T,G,G,G,A,A,G,G
TET3.7,0.523809524,C,A,G,G,C,C,A,T,G,A,G,G,G,A,G,C,C,C,G,G,A,G,G
RAD54L.5,0.555555556,T,G,A,T,T,G,G,T,T,A,G,C,T,G,A,C,T,C,A,A,A,G,G
PKN1.5,0.125,C,A,G,C,T,G,C,T,G,C,T,G,T,A,C,C,C,C,G,G,G,G,G
APTX.7,0.1,G,A,G,G,A,A,G,A,G,G,C,A,A,A,G,A,A,C,C,C,T,G,G
TRIM66.5,0.380952381,T,T,G,C,C,A,T,A,G,C,T,G,C,C,T,A,G,T,G,G,T,G,G
BRPF1.6,0.357142857,A,G,G,G,T,G,A,C,T,G,C,A,G,G,C,A,A,C,G,G,C,G,G
MBD5.5,0.5,T,G,T,G,G,G,T,T,G,G,C,A,G,C,G,T,C,G,T,G,T,G,G
SMARCA2.6,0.238095238,G,G,A,T,G,A,A,A,G,C,A,A,T,G,A,A,G,A,G,G,A,G,G
PCGF5.7,0.228571429,A,G,C,A,A,T,G,A,T,T,G,C,C,C,A,A,G,G,T,G,T,G,G
PHIP.5,0.64516129,C,C,G,G,T,C,C,A,G,T,C,G,G,T,G,C,G,C,C,G,G,G,G
SMARCA1.5,0.166666667,C,T,C,T,A,T,G,A,C,C,A,C,G,A,T,A,G,T,G,G,C,G,G
PRMT2.6,0.631578947,G,C,T,G,C,T,G,C,A,G,G,T,G,T,A,C,G,C,G,G,T,G,G
NEDD4.3,0.24,C,T,C,G,G,A,T,A,T,C,T,G,C,C,G,C,C,T,G,G,T,G,G
KLHDC3.1,0.666666667,C,A,T,C,G,G,G,T,A,T,A,C,T,C,C,T,T,C,G,G,G,G,G
PHF8.6,0.615384615,G,A,G,T,A,C,A,T,G,G,T,A,C,C,A,G,A,C,A,G,A,G,G
BRPF3.5,0.1875,A,A,G,T,C,C,C,G,G,C,A,G,A,A,T,G,C,C,G,A,G,G,G
MCM2.7,0.181818182,G,G,A,G,A,G,G,A,G,C,T,C,A,T,T,G,G,A,G,A,T,G,G
FANCM.7,0.416666667,T,C,T,G,A,G,A,G,T,C,C,A,C,T,G,A,G,A,G,G,C,G,G
RNF40.6,0.2,A,G,A,G,C,G,G,C,T,G,G,A,A,C,A,A,C,G,G,C,A,G,G
CHD8.7,0.458333333,G,A,G,G,T,A,T,G,T,T,C,T,G,C,T,C,A,C,C,G,C,G,G
RAD21.5,0.2,G,C,A,G,C,C,T,G,C,A,C,A,T,G,A,C,G,A,T,A,T,G,G
KMT2E.7,0.428571429,G,G,G,A,G,A,C,A,A,A,G,A,T,C,A,A,A,G,C,A,T,G,G
EPC2.7,0.285714286,A,C,A,G,A,C,A,C,A,T,C,C,A,A,A,A,G,C,A,C,A,G,G
MBD4.5,0.111111111,G,C,G,C,T,C,A,C,T,A,G,A,G,G,T,G,A,C,G,G,T,G,G
ASF1B.5,0.52,C,A,A,G,G,T,G,T,C,G,G,T,G,C,T,G,A,A,C,G,T,G,G
MBD3.7,0.48,C,A,A,G,A,G,C,G,A,C,C,C,G,C,A,G,A,A,G,G,C,G,G
ARID4A.6,0.375,G,T,G,T,G,G,T,G,T,C,T,G,C,A,A,C,G,G,A,G,A,G,G
PRMT10.5,0.689655172,G,G,A,T,A,A,C,T,C,A,C,A,G,G,C,A,T,A,C,A,C,G,G
SMC2.6,0.181818182,A,A,A,G,C,C,T,T,T,T,G,G,A,A,A,A,G,C,G,C,A,G,G
H2AFJ.5,0.333333333,G,G,G,C,G,G,C,A,A,A,G,T,G,C,G,A,G,C,A,A,A,G,G
BRD8.6,0.076923077,G,A,A,C,A,C,A,A,G,C,T,G,C,T,A,A,G,C,A,C,T,G,G
SMC3.7,0.590909091,G,G,A,T,G,C,A,A,G,A,G,A,T,A,A,A,A,T,G,G,A,G,G
H1F0.7,0.470588235,G,G,C,T,A,G,C,C,G,G,A,A,G,G,A,C,C,C,C,G,A,G,G
SRCAP.6,0.595238095,G,A,A,G,T,T,G,A,A,G,A,A,C,A,A,C,A,G,G,A,A,G,G
EZH2.6,0.416666667,G,G,G,A,A,G,C,A,G,G,G,A,C,T,G,A,A,A,C,G,G,G,G
MTA3.7,0.32,A,G,T,G,T,C,T,T,A,G,T,A,C,C,A,C,T,C,G,G,A,G,G
MBD1.7,0.133333333,A,A,G,A,G,G,G,T,G,A,G,A,T,C,A,C,A,C,G,C,A,G,G
SUDS3.7,0.3,T,G,A,A,G,A,G,C,T,G,G,A,G,A,G,C,G,C,C,G,A,G,G
MINA.6,0.626865672,G,G,G,A,A,A,T,G,A,G,G,A,G,G,A,A,A,C,A,G,A,G,G
ZMYND8.1,0.724137931,T,T,C,C,A,A,T,G,G,C,C,A,C,T,C,G,C,C,G,C,A,G,G
ASH1L.7,0.4,G,A,T,A,G,G,A,C,T,G,A,C,G,G,A,C,C,G,G,G,T,G,G
KDM4B.7,0.729927007,T,C,A,C,C,A,G,G,T,A,C,T,G,T,A,C,C,C,C,G,C,G,G
BRCA1.6,0.162162162,G,A,A,C,T,C,T,G,A,G,G,A,C,A,A,A,G,C,A,G,C,G,G
RAG2.6,0.24137931,A,A,C,A,T,C,A,A,C,A,G,A,A,G,A,T,C,C,A,G,G,G,G
TOP2B.7,0.363636364,A,A,A,G,T,G,A,T,G,G,C,C,A,A,T,T,G,T,G,A,T,G,G
BRD8.5,0.294117647,G,T,A,G,C,C,T,C,T,T,C,C,A,T,A,G,T,G,G,T,T,G,G
PRMT8.5,0.19047619,A,C,A,T,G,A,T,G,G,A,C,G,C,A,T,T,G,C,A,C,G,G,G
ASF1A.5,0.461538462,A,A,G,G,T,G,A,T,C,T,C,G,A,A,C,T,G,G,A,A,C,G,G
SMARCA1.7,0.4,G,G,A,G,C,A,G,G,A,C,A,C,T,G,C,C,G,C,A,G,T,G,G
ARID2.6,0.573770492,G,C,A,G,T,C,T,C,C,A,T,T,A,C,A,C,A,C,A,G,T,G,G
EHMT2.6,0.166666667,G,G,A,G,G,A,G,T,G,G,G,A,G,A,C,G,G,T,G,G,T,G,G
CDYL.5,0.705128205,A,C,A,G,C,A,C,C,T,C,G,T,G,A,A,C,T,G,T,G,A,G,G
DNMT3A.5,0.227272727,G,C,T,A,C,C,A,C,G,C,C,T,G,A,G,C,C,C,G,T,G,G,G
TAF6L.5,0.242424242,T,G,A,G,C,C,G,G,A,C,A,G,A,C,T,C,C,C,G,A,G,G,G
DNMT1.7,0.307692308,A,G,C,A,G,G,C,T,T,G,C,C,A,A,G,A,G,C,G,G,A,G,G
CHD5.6,0.307692308,C,A,A,G,A,T,G,C,T,G,G,A,C,C,T,C,C,T,G,G,A,G,G
CTCF.5,0.210526316,A,A,C,A,C,T,T,G,A,A,T,G,G,C,T,T,C,T,C,G,T,G,G
PHIP.7,0.666666667,T,G,G,C,C,G,T,G,A,A,A,A,T,T,G,C,A,G,G,G,A,G,G
DNMT3L.6,0.35,C,A,G,A,T,C,C,C,T,C,C,C,T,C,A,A,A,C,A,G,A,G,G
EZH2.7,0.208333333,A,C,C,A,A,G,A,A,T,G,G,A,A,A,C,A,G,C,G,A,A,G,G
KAT2B.7,0.102564103,G,C,A,A,G,G,T,T,G,G,A,A,G,A,G,C,G,C,A,G,G,G,G
HELLS.6,0.375,T,C,A,C,T,G,G,A,G,G,A,G,T,G,A,T,G,C,G,A,T,G,G
SSRP1.5,0.111111111,C,G,A,C,T,G,A,G,G,T,T,G,A,G,C,C,G,T,C,A,G,G,G
SIRT1.7,0.142857143,A,C,A,A,T,C,A,C,T,G,A,A,G,A,A,T,C,T,G,G,T,G,G
NCOA2.5,0.066666667,A,G,G,G,C,A,G,G,G,T,G,T,C,A,T,C,G,A,C,A,A,G,G
SMYD4.5,0.397435897,A,C,A,T,T,C,A,A,G,G,C,C,T,A,A,C,A,C,T,G,A,G,G
CHAF1B.5,0.205882353,C,C,T,G,A,C,A,T,T,G,G,T,G,T,C,C,A,C,G,C,C,G,G
SMARCB1.6,0.2,G,A,G,A,A,C,C,T,C,G,G,A,A,C,A,T,A,C,G,G,A,G,G
ZBTB33.6,0.483870968,A,A,A,C,A,A,G,G,C,C,A,A,T,G,A,A,G,A,G,G,A,G,G
SETD7.5,0.695121951,G,A,C,G,A,T,G,A,C,G,G,A,T,T,A,C,C,G,C,A,C,G,G
SMARCC2.6,0.176470588,G,T,G,T,T,C,A,T,G,C,C,A,T,T,G,A,G,C,G,G,A,G,G
NPM2.6,0.24137931,G,C,T,G,C,G,A,G,C,T,C,A,G,T,C,A,G,G,A,G,A,G,G
TRIM24.1,0.5,A,C,A,C,G,G,C,G,C,A,A,G,T,G,T,C,C,A,A,C,A,G,G
TNP1.6,0.166666667,C,A,C,A,A,G,G,G,A,G,T,C,A,A,G,A,G,A,G,G,T,G,G
SUV39H2.7,0.48,A,G,T,G,A,A,G,A,A,G,C,T,G,A,A,A,G,A,C,G,A,G,G
DDX5.6,0.428571429,G,A,T,T,T,G,G,A,G,G,A,A,G,T,A,G,G,G,C,A,G,G,G
KMT2C.6,0.185185185,G,A,G,G,C,C,G,G,C,A,G,A,G,T,T,G,G,T,G,G,T,G,G
CBX5.5,0.4375,G,C,G,C,G,T,G,G,T,T,A,A,G,G,G,A,C,A,A,G,T,G,G
ERCC6.7,0.416666667,G,C,A,A,T,C,A,A,G,C,A,A,G,A,A,A,G,T,G,G,T,G,G
TIPIN.6,0.417721519,G,A,A,G,G,A,A,C,T,G,A,G,C,C,T,G,A,T,G,A,A,G,G
SIRT6.6,0.4,C,A,G,A,C,G,C,G,C,T,C,A,C,C,T,C,C,G,G,G,A,G,G
H2AFY2.5,0.133333333,C,A,A,G,C,T,G,T,C,C,C,G,T,T,C,A,G,C,T,A,G,G,G
USP3.1,0.391304348,C,A,G,G,A,C,G,A,C,G,G,G,G,A,G,C,C,G,T,T,G,G,G
CHD1.6,0.516129032,G,C,A,G,A,T,G,G,T,G,A,C,C,C,A,A,A,T,G,C,A,G,G
H2AFY2.6,0.192307692,G,G,A,G,T,G,A,C,C,A,T,C,G,C,C,A,G,T,G,G,A,G,G
SRF.2,0.183006536,G,A,T,C,A,C,C,A,G,T,G,A,G,A,C,C,G,G,C,A,A,G,G
RBL2.6,0.52,G,G,A,G,G,A,G,G,A,G,G,A,C,G,A,C,G,G,C,G,A,G,G
MTA3.6,0.25,G,A,C,A,A,A,G,G,T,G,A,A,A,T,C,A,G,A,G,T,G,G,G
CHD3.7,0.363636364,C,C,A,G,T,G,G,C,T,G,T,G,A,T,A,A,A,C,C,G,T,G,G
EZH1.6,0.416666667,G,A,A,T,C,A,G,T,A,C,T,C,A,G,A,T,G,A,G,G,A,G,G
KMT2B.7,0.583333333,G,C,A,G,C,T,G,G,A,A,A,T,G,C,A,A,G,G,A,G,G,G,G
ZMYND11.7,0.103448276,G,G,A,T,C,A,C,A,A,A,T,T,A,C,C,T,C,T,G,G,T,G,G
SMARCD3.7,0.2,T,A,A,A,C,C,A,G,C,T,C,A,A,G,A,T,C,C,A,G,A,G,G
NAP1L5.6,0.548387097,G,G,A,G,T,A,C,G,A,G,G,A,T,G,A,C,G,A,G,G,A,G,G
SETD6.6,0.25,T,C,A,G,C,T,C,C,A,G,C,C,C,C,A,C,C,C,G,C,C,G,G
PHC2.7,0.230769231,C,C,A,G,C,T,C,A,T,C,T,A,C,T,T,C,C,C,G,C,C,G,G
ORC1.5,0.294117647,A,A,T,C,T,G,G,A,T,G,T,G,A,A,T,C,T,C,G,G,T,G,G
ZBTB33.5,0.25,T,G,T,G,G,A,A,G,A,C,C,G,A,A,A,A,T,T,C,C,G,G,G
DSCC1.6,0.32,G,C,A,G,A,G,T,G,T,T,C,C,T,G,A,A,G,G,A,A,T,G,G
SMYD3.7,0.227272727,G,G,A,G,C,G,C,C,G,G,A,A,G,C,A,G,C,T,G,A,G,G,G
CARM1.7,0.291666667,A,A,C,A,T,C,C,T,G,A,A,A,A,C,C,T,G,C,C,G,G,G,G
SETD7.1,0.142857143,G,G,A,T,A,G,C,G,A,C,G,A,C,G,A,G,A,T,G,G,T,G,G
PCGF3.5,0.166666667,C,A,G,A,C,A,C,T,C,G,G,T,C,A,C,C,G,T,G,G,T,G,G
CHAF1A.5,0.863636364,C,A,G,G,C,G,C,T,T,A,A,A,C,G,G,C,A,G,A,C,G,G,G
SETD6.7,0.055555556,G,C,A,G,G,C,C,A,G,A,G,G,A,G,G,A,G,C,G,C,C,G,G
DOT1L.6,0.242424242,G,G,G,A,G,A,C,G,G,C,T,T,C,T,T,C,A,C,G,G,T,G,G
NAP1L4.7,0.615384615,G,T,G,A,A,G,T,A,C,A,G,C,A,C,A,G,C,C,C,G,C,G,G
KAT8.5,0.352941176,C,G,G,C,G,A,G,C,C,G,G,A,A,G,T,C,A,C,G,G,T,G,G
SMARCC2.7,0.148148148,G,G,A,A,G,T,G,C,T,G,A,A,G,G,A,A,G,T,G,G,T,G,G
KIF4A.5,0.222222222,C,T,A,G,G,A,A,T,A,A,C,C,C,C,A,A,C,T,G,T,T,G,G
TAF5.6,0.294117647,G,G,A,G,G,A,G,C,A,G,A,C,G,G,A,G,G,T,G,G,C,G,G
ACTR5.6,0.25,G,C,A,G,C,C,T,G,G,A,G,C,C,A,C,T,G,C,G,C,T,G,G
ARID3A.7,0.5,G,G,A,G,A,T,G,G,A,G,G,A,A,G,A,C,C,T,C,G,G,G,G
ARID1B.7,0.470588235,C,C,G,G,T,G,C,T,G,A,A,G,A,C,T,T,C,C,G,G,C,G,G
ID2.5,0.275862069,G,C,G,A,G,T,C,C,A,G,G,G,C,G,A,T,C,T,G,C,A,G,G
TRIM28.6,0.469387755,C,C,A,G,C,G,G,G,T,G,A,A,G,T,A,C,A,C,C,A,A,G,G
HMGA2.7,0.333333333,G,C,C,C,T,C,T,C,C,T,A,A,G,A,G,A,C,C,C,A,G,G,G
NAP1L2.7,0.235294118,G,A,A,T,A,T,G,T,G,G,A,T,G,A,G,G,A,C,G,A,T,G,G
BRPF3.3,0.2,T,T,C,T,G,C,C,G,G,G,A,C,T,T,C,C,G,A,C,G,A,G,G
KDM6A.6,0.272727273,G,A,G,A,T,G,C,T,G,G,G,A,A,G,G,C,C,C,A,G,T,G,G
ACTL6A.6,0.4,A,T,A,A,T,A,C,A,A,C,A,G,T,G,G,A,A,C,G,G,A,G,G
MAEL.7,0.153846154,G,A,C,A,A,A,G,C,T,G,A,C,A,T,A,T,C,T,G,G,A,G,G
SUZ12.6,0.80952381,C,G,G,C,A,G,T,T,C,A,G,A,G,T,A,C,A,C,C,A,A,G,G
RAG2.7,0.3,A,A,A,T,C,C,A,C,C,A,G,G,A,A,A,A,C,A,C,A,G,G,G
HJURP.5,0.136363636,C,C,A,G,T,C,G,C,C,G,C,C,G,C,T,T,C,C,A,G,A,G,G
UBTF.5,0.701492537,C,A,T,G,T,G,C,A,A,G,C,T,C,A,A,A,T,G,G,G,T,G,G
NCOR1.6,0.588235294,A,G,A,G,A,G,C,A,A,G,C,C,A,C,A,C,C,C,C,G,G,G,G
HDAC11.6,0.611111111,G,G,A,G,C,T,G,G,A,G,T,G,G,G,G,C,A,C,A,G,A,G,G
H2AFY.7,0.545454545,G,T,A,C,C,G,C,A,G,C,A,T,C,C,G,C,C,C,C,A,C,G,G
KDM5A.7,0.363636364,G,T,G,T,C,C,T,A,A,A,T,G,T,G,T,C,G,C,C,G,A,G,G
RBL2.7,0.608695652,C,C,A,C,C,C,C,T,C,A,G,A,T,C,C,A,G,C,A,G,C,G,G
H2AFY.6,0.2,G,C,C,A,C,C,G,C,C,A,T,G,T,C,G,A,G,C,C,G,C,G,G
HIST1H1B.6,0.4,G,A,A,G,A,A,G,G,C,G,A,A,G,A,A,G,C,C,C,G,C,G,G
STAG2.7,0.257142857,G,G,G,C,T,C,T,C,T,C,A,T,A,A,T,A,G,T,G,G,A,G,G
BPTF.6,0.285714286,G,G,A,T,T,C,T,G,A,G,G,A,C,G,A,C,G,A,G,G,A,G,G
POLA1.7,0.214285714,A,A,A,G,C,C,A,T,C,A,C,G,A,C,A,A,G,C,G,G,T,G,G
WHSC1L1.6,0.333333333,G,G,T,A,C,C,G,A,A,G,G,A,G,G,A,G,G,T,G,G,T,G,G
ARID5A.6,0.177570093,G,T,G,G,A,A,G,A,T,C,T,A,C,A,A,A,G,C,A,G,T,G,G
NR3C1.4,0.208333333,G,C,T,T,A,C,A,T,C,T,G,G,T,C,T,C,A,T,G,C,T,G,G
KAT6B.6,0.153846154,G,T,G,G,A,G,G,T,G,C,T,G,C,A,G,A,G,T,G,G,T,G,G
ACTR8.5,0.293333333,G,G,G,T,G,A,T,A,C,G,G,A,G,A,A,C,G,G,A,A,A,G,G
GTF3C4.7,0.3125,C,C,G,T,G,G,A,C,A,C,A,G,A,C,A,C,G,C,G,G,T,G,G
FBXW7.7,0.625,A,A,G,A,T,G,C,A,T,A,C,A,A,C,G,C,A,C,A,G,T,G,G
RCBTB1.7,0.307692308,C,A,A,G,T,G,G,T,G,G,A,A,G,T,A,G,C,T,T,G,T,G,G
HDAC6.1,0.1875,G,G,T,G,G,A,A,T,C,C,T,G,G,C,C,G,G,T,T,G,A,G,G
CHMP4C.7,0.276923077,T,G,A,G,T,T,C,C,A,G,A,G,A,G,A,A,G,C,C,C,T,G,G
CHD2.6,0.442857143,T,A,A,G,G,A,C,A,A,A,A,G,C,C,A,A,G,A,G,G,A,G,G
UHRF2.7,0.739130435,G,T,A,G,A,A,A,G,T,C,C,T,G,G,A,C,A,A,A,G,A,G,G
PRMT1.7,0.243902439,G,G,A,G,C,T,C,C,C,A,G,T,G,G,A,G,A,A,G,G,T,G,G
OIP5.6,0.366666667,G,G,A,G,A,A,G,A,C,C,A,C,G,G,C,C,C,C,G,A,G,G,G
SETD1A.5,0.090909091,T,A,G,C,G,G,T,A,C,A,C,C,T,T,C,T,G,A,G,A,A,G,G
KAT7.7,0.28,C,A,A,G,A,C,A,A,C,T,C,A,C,C,A,T,G,T,G,C,C,G,G
KAT2B.6,0.785714286,G,A,A,A,T,T,G,T,C,C,C,A,G,C,C,A,C,A,G,G,A,G,G
EP300.5,0.34375,C,C,G,A,G,A,A,T,G,T,G,G,T,G,G,A,A,C,C,G,G,G,G
KDM5C.6,0.466666667,G,A,A,G,C,T,A,G,A,C,C,T,G,A,A,C,C,T,G,G,C,G,G
HIST1H1C.5,0.612903226,G,G,G,G,G,A,C,C,A,G,A,C,G,C,C,T,T,A,C,G,A,G,G
NAT10.5,0.666666667,A,A,G,A,T,C,C,T,G,G,G,C,A,A,T,A,C,C,T,T,C,G,G
BAZ2B.1,0.290322581,G,C,T,A,A,G,T,G,A,A,G,C,A,A,C,T,C,C,A,G,T,G,G
CBX8.7,0.3,A,C,T,G,C,C,A,A,C,C,T,A,C,T,T,T,G,A,G,G,A,G,G
WDR11.7,0.444444444,G,G,A,T,A,G,C,A,A,G,C,A,G,T,A,A,A,T,C,G,C,G,G
ARID5A.5,0.476190476,A,A,C,A,G,G,A,A,G,C,A,G,T,C,C,A,C,G,G,A,G,G,G
SMCHD1.5,0.125,C,G,A,A,A,A,G,G,A,G,T,C,C,G,A,G,C,T,C,G,G,G,G
SSRP1.6,0.125,C,C,A,C,C,A,A,A,A,C,G,A,T,G,A,C,G,C,A,G,A,G,G
REST.5,0.375,T,G,C,A,A,G,T,C,A,T,A,C,A,T,G,T,C,G,T,T,A,G,G
JUNB.7,0.175,G,G,G,G,T,A,A,A,A,G,T,A,C,T,G,T,C,C,C,G,G,G,G
ARID5A.7,0.215384615,A,A,G,A,T,G,G,C,T,A,A,G,G,A,G,A,A,C,A,G,G,G,G
RARA.7,0.2,G,G,G,C,A,G,C,A,G,C,T,G,G,T,T,G,G,C,G,A,A,G,G
H1F0.6,0.222222222,G,G,T,C,T,G,C,T,T,G,A,G,G,A,C,A,C,C,G,G,T,G,G
HIST1H1E.5,0.111111111,G,G,C,C,G,C,T,C,T,C,A,A,G,A,A,A,G,C,G,C,T,G,G
ZMYND8.7,0.276315789,T,A,T,C,C,G,A,C,A,A,G,G,A,A,A,T,C,C,G,G,C,G,G
NCOA6.6,0.479338843,T,G,G,A,A,G,G,T,C,A,T,C,C,A,A,A,A,C,C,A,T,G,G
NFRKB.6,0.365079365,A,G,A,G,T,G,G,C,T,C,A,C,G,A,C,C,C,G,G,G,C,G,G
HMG20A.6,0.454545455,C,A,G,C,A,G,A,A,G,G,C,A,A,T,G,A,A,C,A,G,A,G,G
MBD3L1.7,0.774647887,T,G,A,T,G,G,C,C,A,A,G,A,G,T,T,C,A,C,A,G,A,G,G
CITED1.6,0.117647059,G,G,G,T,G,G,C,A,C,C,T,C,A,C,C,T,G,C,G,A,A,G,G
HMGB2.6,0.595890411,A,A,G,A,T,C,A,A,A,A,G,T,G,A,A,C,A,C,C,C,T,G,G
BAP1.7,0.466666667,G,A,A,C,C,G,T,C,A,G,A,C,A,G,T,A,C,T,A,G,A,G,G
INO80.6,0.333333333,C,A,G,G,A,T,G,A,T,A,G,A,C,C,T,A,C,T,G,G,A,G,G
HDAC6.6,0.38372093,G,A,A,G,A,A,G,C,T,C,G,G,C,C,A,A,G,C,A,A,T,G,G
ARID4B.7,0.571428571,A,G,A,G,T,G,A,A,A,G,A,T,G,C,T,C,A,G,G,G,A,G,G
HIF1AN.6,0.452380952,G,G,A,T,G,T,A,A,A,G,A,A,C,A,T,C,A,C,C,A,G,G,G
PCGF3.6,0.5,C,A,G,G,G,C,A,C,T,C,A,C,C,A,T,T,C,C,G,A,T,G,G
ATF2.7,0.219512195,G,G,A,C,G,A,A,C,A,A,T,A,G,C,T,G,A,T,G,T,G,G,G
PRMT2.5,0.355263158,A,G,T,A,C,G,A,C,C,C,C,G,A,G,G,A,C,A,C,G,T,G,G
TAF6L.7,0.342105263,G,G,A,T,C,G,A,G,A,G,G,T,G,A,A,C,C,T,G,G,T,G,G
KIF4A.1,0.558823529,C,T,G,A,G,G,C,T,C,T,C,C,G,G,G,C,A,C,G,A,A,G,G
CREB1.5,0.236363636,A,G,C,T,G,T,A,C,T,A,G,A,G,T,T,A,C,G,G,T,G,G,G
RBBP7.1,0.196428571,T,A,C,A,C,C,G,T,T,T,C,T,A,T,A,T,G,A,C,C,T,G,G
RNF20.5,0.2,A,G,A,A,A,T,G,T,T,G,G,A,T,C,A,G,C,G,G,C,A,G,G
SMARCE1.6,0.321428571,G,T,G,G,T,T,T,C,T,C,T,G,G,A,A,A,C,G,G,G,C,G,G
HIST1H1D.6,0.137931034,T,G,A,G,C,T,T,A,T,C,A,C,C,A,A,G,G,C,A,G,T,G,G
SMARCD1.6,0.78021978,G,A,A,A,C,G,G,C,T,A,G,A,T,A,T,C,C,A,A,G,A,G,G
POLE.6,0.416666667,G,A,A,G,C,G,C,T,G,C,A,A,G,A,A,C,A,T,G,G,A,G,G
ARID3A.6,0.214285714,C,A,G,G,A,A,G,C,C,C,A,A,A,T,G,G,G,A,G,G,A,G,G
JUNB.5,0.133333333,G,G,C,G,C,T,T,T,G,A,G,A,C,T,C,C,G,G,T,A,G,G,G
BMI1.6,0.470588235,A,C,A,A,A,G,C,A,C,A,C,A,C,A,T,C,A,G,G,T,G,G,G
SMYD2.7,0.242424242,G,G,A,A,A,T,C,A,A,G,C,C,G,G,G,A,G,A,G,G,A,G,G
HMG20B.7,0.3,G,A,G,T,T,C,T,T,G,G,A,C,C,A,A,A,A,C,A,A,A,G,G
WHSC1L1.5,0.142857143,G,G,A,T,A,C,C,C,A,T,T,T,G,T,G,A,G,T,G,G,A,G,G
CITED2.1,0.2,C,G,A,G,C,A,C,A,T,A,C,A,C,T,A,C,G,G,C,G,C,G,G
CENPF.1,0.277777778,G,T,T,T,C,A,G,C,T,T,G,A,C,A,G,T,C,T,C,G,A,G,G
HIRA.5,0.25,G,T,T,G,C,G,A,A,C,T,T,G,G,T,C,C,C,G,T,C,A,G,G
CBX8.6,0.1875,G,T,A,C,A,G,C,A,C,A,T,G,G,G,A,A,C,C,G,G,A,G,G
NAP1L2.2,0.337078652,G,G,C,C,G,A,G,T,C,A,G,A,G,A,A,C,C,G,C,A,A,G,G
CENPE.5,0.793103448,T,G,T,A,T,G,G,C,A,G,A,A,T,C,G,A,T,G,A,T,T,G,G
CHMP2A.6,0.210526316,G,A,A,G,G,G,T,G,T,C,A,C,C,A,A,G,G,C,C,A,T,G,G
ERCC2.2,0.214285714,C,G,G,G,A,A,G,A,C,A,G,T,A,T,C,C,C,T,G,T,T,G,G
BRD2.6,0.123595506,T,G,T,G,T,G,T,G,A,C,A,C,A,G,A,A,G,A,G,A,C,G,G
DHX9.5,0.571428571,A,C,A,G,T,T,G,T,C,T,G,A,C,A,A,G,T,G,A,C,A,G,G
ARID3B.6,0.125,A,A,G,A,T,C,A,G,G,A,T,C,A,A,C,G,G,C,A,G,G,G,G
SMC5.6,0.419753086,G,G,C,C,C,G,G,A,C,G,A,C,T,G,C,A,A,C,A,G,C,G,G
ACTR6.2,0.705882353,G,G,A,G,C,T,T,A,C,A,A,C,G,C,C,A,A,A,A,T,C,G,G
DMAP1.5,0.652173913,C,A,A,G,A,A,G,G,A,C,A,T,T,A,T,C,A,A,C,C,C,G,G
RBBP7.6,0.161290323,C,A,A,G,T,G,A,C,T,C,G,G,C,T,T,G,G,A,G,G,T,G,G
HMGN5.4,0.90625,C,T,G,C,A,G,G,T,C,A,A,G,G,T,G,A,T,A,T,G,A,G,G
HDAC1.6,0.5,G,A,G,G,A,C,T,G,T,C,C,A,G,T,A,T,T,C,G,A,T,G,G
SS18L1.6,0.256302521,G,G,T,A,C,C,A,G,C,A,G,A,T,C,C,T,G,C,A,C,C,G,G
SMC3.6,0.2125,G,A,C,A,A,G,A,G,C,A,G,A,T,T,A,A,G,C,A,G,A,G,G
EPC2.5,0.153846154,T,T,G,C,C,G,C,G,G,T,A,G,A,T,A,G,G,C,A,G,C,G,G
SHPRH.7,0.111111111,G,A,T,G,G,G,T,C,T,T,G,G,A,A,A,G,A,C,A,G,T,G,G
SETDB1.5,0.4,T,G,A,G,G,A,A,C,T,G,G,G,T,A,T,C,T,C,T,A,T,G,G
SRCAP.5,0.090909091,C,C,T,G,T,T,C,T,G,C,A,A,T,T,T,C,G,G,C,A,T,G,G
MBD4.6,0.12,G,G,A,A,A,G,A,G,T,G,G,G,A,G,A,A,G,A,T,G,A,G,G
HMGN3.6,0.377358491,C,T,A,G,T,C,T,C,C,A,G,A,G,A,A,T,A,C,A,G,A,G,G
ZMYND8.4,0.255555556,C,A,C,T,T,A,G,C,G,T,G,A,T,A,A,A,C,C,C,G,G,G,G
PCGF6.7,0.619047619,G,G,T,A,T,G,A,A,G,A,C,A,T,T,C,T,G,T,G,A,T,G,G
ZMYND8.5,0.135135135,C,C,C,T,G,T,T,G,A,T,G,T,T,G,T,A,C,C,G,C,A,G,G
ID2.7,0.166666667,T,C,C,G,G,G,A,G,A,T,G,C,C,C,A,G,G,C,T,G,T,G,G
ELP3.6,0.15625,G,C,A,G,A,G,T,G,T,T,T,A,T,G,A,A,G,A,T,G,T,G,G
CHRAC1.5,0.2,C,G,T,G,G,T,C,G,T,G,G,G,T,A,A,A,G,A,C,A,A,G,G
BRPF3.7,0.164948454,G,C,A,G,A,T,G,G,G,A,G,T,G,C,A,A,G,C,G,C,C,G,G
SMC1A.6,0.32,G,A,A,G,C,G,G,A,T,T,G,A,G,A,A,A,C,T,G,G,A,G,G
RCBTB1.6,0.317073171,A,A,G,C,C,C,A,G,C,A,C,A,C,A,T,C,A,T,G,G,T,G,G
POGZ.6,0.285714286,A,A,G,A,G,T,G,G,C,C,G,G,G,A,T,G,A,C,G,G,T,G,G
HMGA2.5,0.3,C,A,G,C,C,G,T,C,C,A,C,T,T,C,A,G,C,C,C,A,G,G,G
PHF1.6,0.1,T,C,T,T,G,A,C,C,C,T,C,C,C,A,A,A,G,C,C,G,A,G,G
SIRT3.5,0.107142857,T,C,T,A,C,A,C,G,C,A,G,A,A,C,A,T,C,G,A,T,G,G,G
EED.6,0.214285714,G,A,T,C,C,A,G,C,T,A,C,A,G,C,C,A,G,C,A,G,A,G,G
PHIP.6,0.264705882,G,A,T,A,C,T,G,G,T,A,A,A,C,T,G,A,C,T,G,G,C,G,G
NUP153.7,0.860465116,C,T,G,T,T,C,A,A,C,A,G,A,C,A,C,A,A,G,C,G,A,G,G
PRMT6.7,0.139784946,G,G,T,C,C,G,C,G,A,T,C,A,T,C,T,C,C,T,C,G,T,G,G
HDAC9.5,0.571428571,A,G,C,T,T,T,G,A,T,C,C,A,A,T,G,A,T,G,T,G,T,G,G
EZH1.5,0.571428571,G,C,T,T,C,A,T,T,G,A,C,T,G,A,A,C,A,G,G,T,T,G,G
EP400.7,0.307692308,G,G,A,G,C,C,A,C,T,C,A,C,A,G,G,C,G,C,G,A,G,G,G
MSH6.6,0.229166667,G,A,A,G,A,G,A,T,G,A,G,C,A,C,A,G,G,A,G,G,A,G,G
KDM5B.5,0.5,T,C,G,A,A,G,A,C,C,G,G,G,C,A,C,T,C,G,G,G,T,G,G
TP73.6,0.246753247,G,T,G,C,C,G,G,T,G,T,G,A,A,G,A,A,G,C,G,G,C,G,G
TP73.7,0.090909091,G,G,A,A,A,G,T,G,A,C,C,T,C,A,A,A,G,T,G,G,T,G,G
CHMP1B.7,0.285714286,G,G,A,T,A,T,G,C,T,G,C,T,C,C,A,G,G,A,A,A,T,G,G
MYCN.5,0.211538462,T,G,A,A,G,A,G,G,A,A,G,A,A,A,T,C,G,A,C,G,T,G,G
HMG20A.5,0.3,G,G,A,G,C,G,T,T,A,C,A,T,G,A,A,G,G,A,A,C,T,G,G
BRWD3.6,0.272727273,G,G,C,G,T,G,G,A,G,C,A,G,A,A,G,A,G,T,G,G,T,G,G
PRMT5.6,0.112068966,G,A,T,T,C,G,C,A,G,G,A,A,C,T,C,C,G,A,G,G,C,G,G
H2AFZ.5,0.151515152,T,G,T,C,G,A,T,G,A,A,T,A,C,G,G,C,C,C,A,C,T,G,G
PCGF5.6,0.169491525,G,A,T,C,A,A,G,C,C,A,A,C,A,A,C,A,G,T,G,A,C,G,G
PHF1.1,0.285714286,G,A,C,T,G,A,T,G,G,G,C,T,G,C,T,A,T,A,C,T,T,G,G
PHF1.7,0.272727273,C,A,G,A,G,C,G,A,C,A,G,A,C,A,C,A,A,C,A,G,A,G,G
NUFIP1.5,0.625,A,G,G,G,G,A,G,A,C,T,G,G,G,C,G,T,C,G,A,A,G,G,G
L3MBTL1.1,0.321428571,C,A,A,G,A,T,C,T,G,G,A,C,C,C,G,C,G,G,C,T,T,G,G
MAF.6,0.157894737,G,G,C,T,G,G,G,C,G,C,C,G,A,G,A,A,G,C,T,G,G,G,G
KDM6B.5,0.952380952,C,A,A,A,G,G,C,T,T,C,C,C,G,T,G,C,A,G,C,G,C,G,G
TP53BP1.1,0.12,A,A,C,G,A,G,G,A,G,A,C,G,G,T,A,A,T,A,G,T,G,G,G
CHD4.6,0.413793103,G,G,A,G,G,G,G,C,C,A,G,A,G,T,T,T,G,T,G,G,A,G,G
TNP2.5,0.225806452,T,C,T,G,G,C,T,C,C,G,G,C,T,G,C,C,A,C,G,A,T,G,G
KAT6A.5,0.214285714,T,G,A,T,A,G,C,C,A,A,T,C,G,T,A,A,C,T,G,C,T,G,G
SMARCD3.6,0.307692308,G,A,A,G,C,G,G,G,T,G,G,A,C,A,T,C,C,A,G,G,A,G,G
PRDM8.7,0.142857143,C,C,G,C,A,G,G,A,T,T,G,C,C,A,A,A,G,A,C,G,A,G,G
MEN1.5,0.173913043,G,T,G,A,G,C,T,C,G,G,G,A,A,C,G,T,T,G,G,T,A,G,G
MATR3.5,0.583333333,G,C,A,T,G,T,G,T,C,T,A,G,G,T,C,C,T,T,G,C,A,G,G
SMARCA5.6,0.263157895,G,G,G,A,G,C,A,A,C,A,G,C,A,G,C,A,A,C,A,A,A,G,G
NSD1.2,0.157894737,C,A,A,A,A,T,T,C,A,A,G,A,G,A,C,G,C,C,C,A,T,G,G
USP3.7,0.324324324,G,A,A,C,A,A,G,T,C,A,A,A,C,A,G,A,C,C,C,A,A,G,G
SUV420H1.5,0.574074074,T,T,G,A,T,A,A,C,A,G,G,A,G,C,A,G,G,C,G,C,A,G,G
BANP.6,0.357142857,G,A,A,G,A,C,A,G,C,C,A,C,C,A,C,G,A,G,G,A,C,G,G
PCGF3.7,0.666666667,T,T,C,A,A,A,C,A,A,A,G,A,G,G,C,C,G,C,G,G,A,G,G
SRF.5,0.432835821,G,T,T,G,T,G,G,G,G,T,C,T,G,A,A,C,G,G,G,G,T,G,G
CBX6.5,0.941176471,A,G,T,G,G,G,C,G,A,G,C,G,G,G,T,C,T,T,C,G,C,G,G
HMGB3.2,0.133333333,G,T,T,C,T,T,T,G,C,A,G,A,C,G,A,T,G,T,C,C,G,G,G
ATAD2B.6,0.3125,T,A,A,C,A,T,C,T,T,C,A,G,C,A,A,A,C,C,G,G,T,G,G
SATB1.6,0.363636364,G,C,A,T,C,T,G,T,C,A,C,G,T,A,A,G,A,C,A,G,T,G,G
SMARCE1.7,0.357142857,G,A,A,G,A,A,C,A,A,G,C,A,G,C,T,A,A,C,A,A,A,G,G
PRMT5.7,0.258928571,G,A,T,G,G,A,A,G,A,C,A,G,G,C,A,T,G,C,A,G,A,G,G
NSD1.6,0.633333333,A,A,A,A,T,G,C,A,G,G,G,T,G,A,A,C,G,C,G,G,T,G,G
RUVBL1.4,0.266666667,C,G,A,G,A,G,C,G,G,C,T,T,G,G,C,C,A,A,G,C,A,G,G
ASF1B.6,0.238095238,G,A,G,G,A,C,C,A,C,A,G,T,C,A,C,A,C,C,C,A,C,G,G
KDM2B.7,0.25,G,G,C,G,G,G,G,A,A,G,G,A,A,G,A,C,A,C,G,G,T,G,G
SMARCD2.6,0.333333333,C,A,A,G,C,G,G,A,T,G,G,A,G,A,T,C,C,A,G,G,A,G,G
HIRIP3.5,0.375,T,A,A,G,T,A,C,C,T,C,C,G,C,C,G,C,A,C,G,A,T,G,G
DICER1.7,0.19047619,G,C,T,G,C,A,G,G,C,C,T,G,C,C,A,T,G,C,T,G,A,G,G
BRD3.6,0.3,G,G,G,T,T,G,G,A,G,T,C,C,C,T,G,A,G,C,G,A,G,G,G
NCOA3.7,0.526315789,G,T,A,G,A,G,G,A,G,G,A,G,A,C,T,C,C,A,G,A,G,G,G
ERCC6.6,0.529411765,A,G,A,A,T,T,G,C,C,A,C,T,C,T,G,A,A,C,G,G,A,G,G
NCOA2.7,0.4,G,G,T,C,T,G,G,C,G,A,A,C,C,T,C,C,G,A,G,G,C,G,G
MBD3L2.6,0.25,A,G,G,C,A,G,A,C,A,G,G,C,T,G,G,C,C,A,G,G,C,G,G
UPF1.6,0.19047619,C,C,A,G,C,C,A,G,G,A,C,A,G,G,A,A,G,C,A,G,C,G,G
SIRT1.5,0.259259259,T,A,C,C,C,A,G,A,A,C,A,T,A,G,A,C,A,C,G,C,T,G,G
SIRT1.6,0.083333333,G,A,G,T,C,T,T,C,T,G,A,A,A,C,A,T,G,A,A,G,A,G,G
PRKCB.7,0.491803279,A,C,G,G,A,C,C,A,C,A,C,G,G,A,G,C,G,C,C,G,C,G,G
CHD6.6,0.538461538,G,G,A,G,C,A,A,G,G,A,C,C,A,A,C,C,C,C,A,G,T,G,G
RAD18.5,0.1875,A,T,A,G,A,T,G,A,T,T,T,G,C,T,G,C,G,G,T,G,T,G,G
SMARCD2.7,0.222222222,C,G,G,G,C,C,T,G,A,C,A,A,T,C,A,C,C,T,G,G,T,G,G
H1FX.5,0.421052632,G,C,T,G,G,C,C,A,A,G,A,T,C,T,A,C,A,C,C,G,A,G,G
NAP1L4.6,0.25,G,C,A,G,C,T,T,C,C,A,C,G,G,A,A,T,C,T,G,A,A,G,G
HDAC5.6,0.315789474,G,A,A,G,C,T,G,T,C,G,A,C,A,C,A,G,C,A,G,G,A,G,G
SATB2.7,0.176470588,G,G,G,G,A,A,G,G,T,T,C,A,G,G,A,A,G,C,G,A,C,G,G
HMGA1.5,0.212121212,A,A,G,C,A,G,C,C,T,C,C,G,G,T,G,A,G,T,C,C,C,G,G
NSMCE2.6,0.272727273,A,G,A,G,A,A,G,C,T,G,A,C,G,G,A,A,C,A,G,A,A,G,G
KDM2A.7,0.16,G,G,C,T,C,C,T,G,A,C,A,C,A,A,T,C,G,G,G,G,A,G,G
PRMT3.6,0.210526316,G,A,C,A,C,T,A,G,T,A,G,A,T,G,A,C,G,A,G,C,A,G,G
NCOA3.6,0.558823529,A,G,T,A,T,T,G,C,C,A,G,A,A,G,A,T,G,C,C,A,T,G,G
HIST1H1T.7,0.7,G,G,G,A,A,T,C,C,T,G,G,T,G,C,A,A,A,C,C,A,G,G,G
KDM4A.2,0.208333333,C,C,C,A,A,G,G,A,G,C,T,C,A,T,C,G,G,G,C,A,G,G,G
NEDD4.7,0.260869565,T,A,T,C,A,A,A,G,T,T,A,C,C,C,A,G,G,T,G,G,T,G,G
TP63.7,0.526315789,A,A,A,A,G,C,T,G,A,G,C,A,C,G,T,C,A,C,G,G,A,G,G
HIRA.7,0.4,C,A,T,G,T,G,T,G,A,A,C,T,G,T,G,T,G,C,G,G,T,G,G
EED.7,0.222222222,G,C,G,G,A,G,G,A,A,T,A,T,G,T,C,C,G,A,G,A,G,G,G
NEDD4.5,0.266666667,A,A,C,G,T,G,C,A,T,T,T,A,C,C,A,C,C,A,G,G,C,G,G
RBBP7.5,0.551020408,G,A,A,G,A,G,C,A,T,G,G,G,T,C,A,T,A,A,C,C,A,G,G
SMC4.7,0.371681416,G,A,A,C,T,T,C,A,A,A,T,C,C,T,A,T,G,C,T,G,G,G,G
KLHDC3.7,0.290322581,G,T,A,C,C,A,C,A,G,G,A,G,C,T,T,G,C,C,C,A,C,G,G
KDM5B.6,0.2,A,G,G,G,C,C,T,C,T,C,C,A,G,T,G,A,G,C,G,G,T,G,G
NR3C1.6,0.165714286,T,G,A,G,A,A,G,C,G,A,C,A,G,C,C,A,G,T,G,A,G,G,G
KAT6B.5,0.25,A,T,G,C,G,G,T,C,A,G,T,A,C,T,T,C,C,C,A,T,G,G,G
SMCHD1.6,0.342857143,A,G,A,C,T,G,G,C,C,A,G,A,A,C,T,A,A,A,G,G,A,G,G
CENPF.6,0.114035088,G,G,A,A,C,A,A,C,T,G,G,A,C,C,T,A,G,C,A,A,A,G,G
